operation,library,columns,time_ms
Filter,pandas,5,253.59201431274414
Filter,polars,5,65.40036201477051
Filter,pandas,10,285.3813171386719
Filter,polars,10,97.98979759216309
Filter,pandas,20,363.09051513671875
Filter,polars,20,112.57100105285645
Filter,pandas,50,648.7488746643066
Filter,polars,50,216.38965606689453
