operation,library,rows,time_ms
Filter,pandas,10000,42.07873344421387
Filter,polars,10000,39.273977279663086
Filter,pandas,100000,9.905576705932617
Filter,polars,100000,9.74416732788086
Filter,pandas,1000000,40.16923904418945
Filter,polars,1000000,22.509336471557617
Filter,pandas,5000000,208.01234245300293
Filter,polars,5000000,298.95591735839844
