operation,library,rows,time_ms
Filter,pandas,10000,16.577959060668945
Filter,polars,10000,0.0
Filter,pandas,100000,21.77572250366211
Filter,polars,100000,0.0
Filter,pandas,1000000,46.5548038482666
Filter,polars,1000000,24.657011032104492
Filter,pandas,10000000,281.8450927734375
Filter,polars,10000000,146.90351486206055
